pageId;locale;source;destination;activateOnlyAfter
services;es;/es/services;/es/servicios;translated-target-200-self-canonical-and-reviewed
services:previsionnel-tresorerie;es;/es/services/prevision-tesoreria;/es/servicios/prevision-tesoreria;translated-target-200-self-canonical-and-reviewed
services:gestion-financiere-externalisee;es;/es/services/gestion-financiera-externalizada;/es/servicios/gestion-financiera-externalizada;translated-target-200-self-canonical-and-reviewed
services:accompagnement-levee-de-fond;es;/es/services/soporte-financiacion;/es/servicios/soporte-financiacion;translated-target-200-self-canonical-and-reviewed
services:comptabilite-externalisation;es;/es/services/externalizar-contabilidad;/es/servicios/externalizar-contabilidad;translated-target-200-self-canonical-and-reviewed
services:controle-de-gestion-externalise;es;/es/services/control-gestion-externalizado;/es/servicios/control-gestion-externalizado;translated-target-200-self-canonical-and-reviewed
services:ma-due-diligence;es;/es/services/ma-due-diligence;/es/servicios/ma-due-diligence;translated-target-200-self-canonical-and-reviewed
ressources;en;/en/ressources;/en/resources;translated-target-200-self-canonical-and-reviewed
ressources:blog;en;/en/ressources/blog;/en/resources/blog;translated-target-200-self-canonical-and-reviewed
ressources:glossaire;en;/en/ressources/glossaire;/en/resources/glossary;translated-target-200-self-canonical-and-reviewed
ressources:cas-clients;en;/en/ressources/cas-clients;/en/resources/case-studies;translated-target-200-self-canonical-and-reviewed
ressources:outils;en;/en/ressources/tools;/en/resources/tools;translated-target-200-self-canonical-and-reviewed
ressources:blog:cout-daf-externalise-tarifs-prix-2026;en;/en/ressources/blog/fractional-cfo-cost-services-2026;/en/resources/blog/fractional-cfo-cost-services-2026;translated-target-200-self-canonical-and-reviewed
ressources:blog:daf-externalise-vs-daf-salarie;en;/en/ressources/blog/daf-externalise-vs-daf-salarie;/en/resources/blog/fractional-cfo-vs-in-house-cfo;translated-target-200-self-canonical-and-reviewed
ressources:blog:daf-externalise-vs-daf-salarie;es;/es/recursos/blog/daf-externalise-vs-daf-salarie;/es/recursos/blog/cfo-externo-vs-cfo-interno;translated-target-200-self-canonical-and-reviewed
ressources:blog:externalisation-comptable;en;/en/ressources/blog/externalisation-comptable;/en/resources/blog/accounting-outsourcing;translated-target-200-self-canonical-and-reviewed
ressources:blog:externalisation-comptable;es;/es/recursos/blog/externalisation-comptable;/es/recursos/blog/externalizacion-contable;translated-target-200-self-canonical-and-reviewed
ressources:blog:flux-de-tresorerie;en;/en/ressources/blog/flux-de-tresorerie;/en/resources/blog/cash-flow;translated-target-200-self-canonical-and-reviewed
ressources:blog:flux-de-tresorerie;es;/es/recursos/blog/flux-de-tresorerie;/es/recursos/blog/flujo-de-caja;translated-target-200-self-canonical-and-reviewed
ressources:blog:ia-et-automatisation-des-taches-repetitives;es;/es/recursos/blog/ia-et-automatisation-des-taches-repetitives-du-departement-finance;/es/recursos/blog/ia-automatizacion-tareas-repetitivas-finanzas;translated-target-200-self-canonical-and-reviewed
ressources:blog:regimes-fiscaux-france-vs-espagne;es;/es/recursos/blog/regimes-fiscaux-france-vs-espagne;/es/recursos/blog/regimenes-fiscales-francia-espana;translated-target-200-self-canonical-and-reviewed
ressources:glossaire:besoin-fonds-roulement-bfr;en;/en/ressources/glossaire/bfr;/en/resources/glossary/working-capital-requirement;translated-target-200-self-canonical-and-reviewed
ressources:glossaire:cfo;en;/en/ressources/glossaire/cfo;/en/resources/glossary/cfo;translated-target-200-self-canonical-and-reviewed
ressources:glossaire:ebitda;en;/en/ressources/glossaire/ebitda;/en/resources/glossary/ebitda;translated-target-200-self-canonical-and-reviewed
locale-only;en;/en/services/ley-beckham;/en/services/beckham-law;target-200-self-canonical-and-intent-review
locale-only;es;/es/services/ley-beckham;/es/servicios/ley-beckham;target-200-self-canonical-and-intent-review
