Ticket;Priorité;Lot;Dépendances;Sujet;Fichiers;Travaux;Critères;Responsable proposé
PAR-01;P0;1;;Partager le design dans les trois layouts;"app/design-fr.css; app/(fr)/layout.tsx; app/(en)/layout.tsx; app/(es)/layout.tsx; components/DocumentShell.tsx";"Généraliser les tokens et styles sémantiques; déplacer le contrat vers design-system.css; vérifier les anciennes pages avant extension des overrides";"Styles calculés comparables; zéro débordement à 360/768/1440; boutons et focus accessibles";Développement + recette UX
PAR-02;P0;1;PAR-01;Localiser les briques de conversion;"ServiceHero; FinanceExpert; HRExpert; PageByline; Breadcrumb; CTASection; ContactPage";"Passer locale et UI traduite; retirer les liens FR hardcodés; traduire erreurs/succès de formulaires";"Aucune UI FR dans les parcours EN/ES; mêmes champs et comportement; liens finaux 200";Développement + relecture EN/ES
PAR-03;P0;1;PAR-02;Registre de publication et routage atomique;"lib/path-localization.ts; lib/metadata.ts; app/sitemap.ts; next.config.ts; proxy.ts; vercel.json; use-page-translations.ts";"Registre pageId+locale publié distinct du catalogue de préparation; 26 migrations actuelles proposées; intégrer tous les alias historiques; réciprocité après publication";"Aucune URL prévue dans sitemap/alternates; aucune boucle/chaîne; anciens alias arrivent directement au canonique final";Développement SEO
PAR-04;P0;1;PAR-02,PAR-03;Pilier DAF: huit blocs dans trois langues;"DafPillarPage; lib/content/daf-pillar.ts; routes FR/EN/ES du pilier";"Partager le renderer FR; traduire les données EN/ES intégralement; intégrer comparaisons pertinentes dans huit blocs; préserver texte FR";"8 blocs sémantiques; FR protégé; Fractional CFO EN; CFO externo ES; FAQ et budget issus des mêmes données";Développement + Sébastien pour périmètre
PAR-05;P1;1;PAR-03,PAR-04;Finance: douze pages de service et offres spécialisées;"FinanceServicePage; FinanceServicesHub; finance-services; priority-finance-services; DafSubPage";"Aligner existantes et créer startups/pricing/secteurs/organisation; même preuve/calendrier pour chaque variante; harmoniser comptabilité ES";"12 services financiers, hub, métier, tarifs et quatre pages secteur couverts; aucune promesse de tenue/TVA/paie non approuvée";Développement + Sébastien
PAR-06;P1;1;PAR-03,PAR-04;Accueil, navigation et hub Ressources;"HomePage; ResourcesPageFR; lib/navigation.ts; lib/content/home; CMS navigation";"Partager groupes de navigation et footer; activer RH, ressources de décision et expert dans EN/ES; remplacer liens au fil des publications";"6 groupes de menu; ordre commun; mêmes catégories et CTA; aucune ancienne arborescence injectée par CMS";Développement + UX
PAR-07;P1;2;PAR-03,PAR-05;Trois cas clients et leurs placements;"documented-cases; published-cases; case-studies; CasClientsPage";"Créer les six traductions de SolarMente/Seasonly/Opti Digital; localiser cards, preuves et liens de services";"Nombres/périodes/limites identiques; quotes traduites attribuées; aucune preuve supplémentaire inventée";Rédaction EN/ES + Sébastien
PAR-08;P1;2;PAR-03,PAR-06;IA-finance: hub et six guides;"ia-finance-guides; ia-finance-references; routes du corpus IA";"Créer 14 traductions intégrales: prompts, tableaux, exercices et corrigés inclus; liens de service et sources pertinentes";"Démonstrations fictives explicites; contrôles humains; pas de gain ROI prétendu; même structure de guide";Rédaction EN/ES + expert finance
PAR-09;P1;2;PAR-02,PAR-03;RH: deux offres et quatre services;"DrhFrenchPage; HRServicePage; hr-offer; lib/content/hr-services; HRExpert";"Aligner deux offres EN/ES; créer huit traductions des services; budget sur devis et interlocuteur RH pertinent";"Même périmètre que FR; aucun faux avis ni prix DAF sur RH; profils/liens pertinents";Développement + référent RH
PAR-10;P1;2;PAR-03,PAR-07;Cabinet, onze profils, clients et contact;"AboutPage; AuthorPage; ClientsPage; ContactPage; contenu équipe";"Aligner sections, publications traduites et contact expert; préserver biographies factuelles et liens sociaux";"11 profils par langue; auteurs de publications correctement reliés; toutes les fonctions traduites";Rédaction + associés
PAR-11;P2;3;PAR-03,PAR-06;Outils: 21 fiches et quatre catégories;"lib/content/tools.ts; ToolsPage; routes outils";"Créer 50 traductions de détails/catégories; compléter hubs; conserver disponibilité géographique réelle et sources";"21 fiches + 4 catégories par langue; aucune compatibilité pays supposée; parcours outil vers offre";Rédaction EN/ES + consultant outils
PAR-12;P2;3;PAR-03,PAR-06;Glossaire: douze entrées;"glossary-entries; GlossaryEntryPage; GlossairePage";"Créer les 21 traductions manquantes; revoir trois EN existantes; formules/exemples/limites/source identiques";"12 entrées par langue; ancre vers service liée à intention; BSPCE/BSA restent du droit français";Rédaction EN/ES
PAR-13;P2;4;PAR-03,PAR-07,PAR-08;Blog: 31 articles publiés;"BlogPostPageRefonte; BlogListingPage; contenu blog; registres slugs";"Créer les 52 traductions manquantes; aligner dix existantes; titres et liens localisés; supprimer doublon de sommaire; conserver prix blog";"31 références EN/ES; un sommaire; aucun article retiré ressuscité; aucune fusion prix sans décision GSC";Rédaction EN/ES + revue SEO
PAR-14;P2;4;PAR-03;Fiscalité: hub et cinq guides;"GuideFiscalPage; tax-comparison; références fiscales; routes fiscalité";"Créer douze traductions, sources officielles et tableaux inclus; conserver les pages locales Beckham sans fusion automatique";"Même droit décrit et limites; auteur/date visibles; revalidation juridique factuelle avant publication";Rédaction EN/ES + conseil fiscal
PAR-15;P2;4;PAR-03;Carrière, trois offres, légal et confidentialité;"JobDetailPage; jobs; carrière; LegalPage";"Créer huit traductions carrière/jobs; aligner légal; même poste et conditions; ouverture à recontrôler au lancement";"Identifiants JobPosting cohérents; aucune condition inventée; pas de modification juridique automatique";Rédaction + recrutement/juridique
PAR-16;P0;Tous;PAR-01 à PAR-15, par lot;Recette et publication par famille;"audits SEO/navigation/schemas/redirects; crawl de recette; audits visuels";"Vérifier chaque trio et alias; publication seulement pour translations validées; zéro corpus global dans bundle client; baseline FR figée";"Tous les critères du brief; HTTP production puis suivi GSC; pas de résultat SEO revendiqué sans mesure";Développement + recette + Guillaume
PAR-17;P1;0;PAR-01,PAR-02;Consentement et parcours hors sitemap;"CookiePolicyPage; CadsPage; CadsRoiPage; pages lp; LeadPage; LeadGenPage; QualificationPage; JobsPage";"Aligner 12 versions et créer huit traductions; corriger les garanties ROI/temps avant traduction; vérifier usage campagnes";"10 références supplémentaires; pas de changement robots/sitemap automatique; consentement/formulaires/events vérifiés";Développement + Guillaume pour usage campagnes
